,assembly_id,point_group,symmetry_type,main_chains,main_mean_distance,main_std_distance,total_axis_count,equivalent_axis_groupings
0,1EUM-1,O,C2,"('B', 'C-3')",22.98,0.0,12,"[('B-4', 'C'), ('B-2', 'C-4'), ('B-3', 'C-2'), ('F', 'F-3'), ('F-2', 'F-4'), ('E', 'E-3'), ('E-2', 'E-4'), ('A', 'D'), ('A-2', 'D-2'), ('A-3', 'D-3'), ('A-4', 'D-4')]"
1,1EUM-1,O,C3,"('A-3', 'D-2', 'F-2')",52.54,0.04,8,"[('A-4', 'D', 'F'), ('A', 'D-3', 'F-3'), ('A-2', 'D-4', 'F-4'), ('B-4', 'C-4', 'E-2'), ('B-2', 'C-2', 'E-3'), ('B-3', 'C-3', 'E'), ('B', 'C', 'E-4')]"
2,1EUM-1,O,C4,"('D', 'D-3', 'D-2', 'D-4')",47.5,0.0,6,"[('C', 'C-4', 'C-2', 'C-3'), ('A', 'A-3', 'A-2', 'A-4'), ('B', 'B-4', 'B-2', 'B-3'), ('F', 'F-4', 'F-2', 'F-3'), ('E', 'E-3', 'E-2', 'E-4')]"
3,1TE0-3,O,C2,"('A', 'B-18')",20.33,0.0,12,"[('A-4', 'B-20'), ('A-5', 'B-19'), ('A-6', 'B-17'), ('A-2', 'B-22'), ('A-7', 'B-24'), ('A-8', 'B-23'), ('A-9', 'B-21'), ('A-3', 'B-14'), ('A-10', 'B-16'), ('A-11', 'B-15'), ('A-12', 'B-13')]"
4,1TE0-3,O,C3,"('B-16', 'B-18', 'B-23')",41.77,0.0,8,"[('B-14', 'B-19', 'B-24'), ('B-13', 'B-17', 'B-21'), ('B-15', 'B-20', 'B-22'), ('A-10', 'A-9', 'A-5'), ('A', 'A-3', 'A-2'), ('A-12', 'A-8', 'A-4'), ('A-11', 'A-7', 'A-6')]"
5,1TE0-3,O,C4,"('A-10', 'B-17', 'B-15', 'B-24')",89.63,0.84,4,"[('A-9', 'B-14', 'B-22', 'B-18'), ('A-3', 'B-20', 'B-13', 'B-23'), ('A-4', 'B-21', 'B-19', 'B-16')]"
6,1WPB-1,O,C2,"('F', 'G-2')",16.64,0.0,12,"[('F-3', 'G'), ('F-2', 'G-3'), ('E', 'H-3'), ('E-2', 'H'), ('E-3', 'H-2'), ('A', 'D-3'), ('A-2', 'D'), ('A-3', 'D-2'), ('B', 'C-2'), ('B-3', 'C'), ('B-2', 'C-3')]"
7,1WPB-1,O,C3,"('G', 'G-3', 'G-2')",22.98,0.0,8,"[('H', 'H-2', 'H-3'), ('B', 'B-2', 'B-3'), ('A', 'A-3', 'A-2'), ('F', 'F-3', 'F-2'), ('E', 'E-2', 'E-3'), ('D', 'D-3', 'D-2'), ('C', 'C-2', 'C-3')]"
8,1WPB-1,O,C4,"('B', 'G', 'C', 'F')",57.26,0.01,6,"[('B-3', 'G-3', 'C-3', 'F-3'), ('B-2', 'G-2', 'C-2', 'F-2'), ('A-2', 'D', 'E-2', 'H'), ('A-3', 'D-2', 'E-3', 'H-2'), ('A', 'D-3', 'E', 'H-3')]"
9,1WPB-2,O,C2,"('J', 'O-2')",11.4,0.0,12,"[('J-3', 'O'), ('J-2', 'O-3'), ('M', 'P-3'), ('M-2', 'P'), ('M-3', 'P-2'), ('I', 'L-3'), ('I-2', 'L'), ('I-3', 'L-2'), ('K', 'N-3'), ('K-2', 'N'), ('K-3', 'N-2')]"
10,1WPB-2,O,C3,"('P', 'P-2', 'P-3')",22.99,0.0,8,"[('O', 'O-3', 'O-2'), ('J', 'J-2', 'J-3'), ('I', 'I-3', 'I-2'), ('M', 'M-2', 'M-3'), ('N', 'N-3', 'N-2'), ('K', 'K-2', 'K-3'), ('L', 'L-3', 'L-2')]"
11,1WPB-2,O,C4,"('I', 'N', 'K', 'P')",48.48,0.12,5,"[('I-3', 'N-3', 'K-3', 'P-3'), ('I-2', 'N-2', 'K-2', 'P-2'), ('J-2', 'L-2', 'L', 'L-3'), ('M', 'O', 'M-3', 'M-2')]"
12,28YR-1,O,C2,"('C', 'I')",21.77,0.0,12,"[('A', 'N'), ('J', 'O'), ('H', 'M'), ('E', 'U'), ('S', 'T'), ('K', 'Q'), ('B', 'D'), ('F', 'W'), ('V', 'X'), ('L', 'R'), ('G', 'P')]"
13,28YR-1,O,C3,"('D', 'K', 'V')",82.08,0.04,8,"[('J', 'X', 'Q'), ('F', 'P', 'L'), ('B', 'W', 'R'), ('E', 'H', 'O'), ('C', 'T', 'G'), ('A', 'M', 'U'), ('I', 'N', 'S')]"
14,28YR-1,O,C4,"('F', 'W', 'V', 'X')",54.64,0.01,6,"[('B', 'K', 'J', 'L'), ('C', 'N', 'M', 'O'), ('A', 'I', 'G', 'H'), ('D', 'R', 'P', 'Q'), ('E', 'U', 'S', 'T')]"
15,4AZS-1,T,C2,"('A', 'A-3')",9.8,0.0,6,"[('A-2', 'A-5'), ('A-4', 'A-9'), ('A-10', 'A-6'), ('A-7', 'A-8'), ('A-11', 'A-12')]"
16,4AZS-1,T,C3,"('A-12', 'A-8', 'A-7')",31.94,0.0,4,"[('A-11', 'A-5', 'A-4'), ('A', 'A-2', 'A-10'), ('A-3', 'A-6', 'A-9')]"
17,8FNV-1,Unknown,C2,"('E', 'F')",29.19,0.0,5,"[('G', 'I'), ('A', 'B'), ('K', 'L'), ('H', 'J')]"
18,8FNV-1,Unknown,C3,"('C', 'G', 'K')",75.77,0.0,3,"[('A', 'H', 'B'), ('E', 'I', 'L')]"
19,8FNV-1,Unknown,C4,"('B', 'H', 'E', 'C')",60.24,2.98,1,[]
20,8W8Z-1,O,C2,"('A', 'F-5')",12.47,0.0,12,"[('A-2', 'F-6'), ('A-3', 'F-4'), ('B', 'G'), ('B-2', 'G-2'), ('B-3', 'G-3'), ('D', 'E-6'), ('D-2', 'E-4'), ('D-3', 'E-5'), ('C-4', 'H-4'), ('C-5', 'H-5'), ('C-6', 'H-6')]"
21,8W8Z-1,O,C3,"('F-4', 'F-5', 'F-6')",25.25,0.0,8,"[('B', 'B-3', 'B-2'), ('D', 'D-2', 'D-3'), ('C-4', 'C-6', 'C-5'), ('G', 'G-3', 'G-2'), ('A', 'A-2', 'A-3'), ('E-4', 'E-5', 'E-6'), ('H-4', 'H-6', 'H-5')]"
22,8W8Z-1,O,C4,"('B', 'D-3', 'E-5', 'G')",51.34,0.02,6,"[('B-2', 'D', 'E-6', 'G-2'), ('B-3', 'D-2', 'E-4', 'G-3'), ('A-3', 'H-5', 'C-5', 'F-4'), ('A', 'H-6', 'C-6', 'F-5'), ('A-2', 'H-4', 'C-4', 'F-6')]"
